"id","site","job_url","job_url_direct","title","company","location","date_posted","job_type","salary_source","interval","min_amount","max_amount","currency","is_remote","job_level","job_function","listing_type","emails","description","company_industry","company_url","company_logo","company_url_direct","company_addresses","company_num_employees","company_revenue","company_description","skills","experience_range","company_rating","company_reviews_count","vacancy_count","work_from_home_type"
"li-4387794598","linkedin","https://www.linkedin.com/jobs/view/4387794598","https://www.linkedin.com/jobs/view/4387794598","SDE 1 (Backend)","Licious","Bengaluru, Karnataka, India","2026-03-20","fulltime","","","","","",False,"associate","Information Technology","Standard","","We are Licious, a Bengaluru-based meat and seafood company founded in 2015 by Abhay Hanjura and Vivek Gupta—foodies and friends with a shared vision. Today, we are India’s most successful D2C food-tech brand, operating in 20 cities and delighting 32+ lakh customers with our fresh and de-licious meat and seafood.

Think you have what it takes to be the magic ingredient in the recipe that is Licious? Read on…

Have you got an appetite for awesome?

As an SDE-1 (Backend) at Licious, you will:

● Write clean, readable, maintainable, and bug-free code under guidance

● Work on backend features and modules while learning scalable system design

● Assist in Low Level Design (LLD) and gain exposure to High Level Design (HLD)

● Solve problems using appropriate data structures and algorithms

● Debug, test, and improve existing services and APIs

● Collaborate closely with senior engineers to understand best practices

● Continuously learn and adapt to new technologies and frameworks

We hope that you…

● Have 1–2 years of experience in backend development

● Have a good foundation in Data Structures & Algorithms and problem solving

● Are comfortable working with Java and backend frameworks like Spring Boot / JPA

● Understand OOP concepts and basic backend design principles

● Have working knowledge of SQL and exposure to NoSQL databases is a plus

● Are familiar with REST APIs and backend service development

● Have basic understanding of unit testing and debugging

● Exposure to AWS / cloud concepts is a bonus but not mandatory

● Hold a BE / BTech or equivalent degree","Food and Beverage Services and Software Development","https://in.linkedin.com/company/licious","https://media.licdn.com/dms/image/v2/D560BAQGovlJecCj8Hw/company-logo_100_100/B56Zsg3tcWIcAQ-/0/1765783034204/licious_logo?e=2147483647&v=beta&t=m0YPaPIyDIGoG5-SyLGz8ByXcMQ73hbmYdM9eiD2MEs","","","","","","","","","","",""
"li-4387930262","linkedin","https://www.linkedin.com/jobs/view/4387930262","https://www.linkedin.com/jobs/view/4387930262","Web Developer (SDE 2)","Groww","Bengaluru, Karnataka, India","2026-03-20","fulltime","","","","","",False,"entry level","Engineering and Information Technology","Standard","","**Company Vision**

We are making finance simple. For millions in India.

Groww is on a mission to democratize access to financial services for millions of Indians responsibly. We are a customer-first company. We believe in crafting the best and most delightful user experience for our customers. And we leverage first principle thinking and technology to solve problems at scale. If this excites you, join us.

**About Groww**

Groww is India’s fastest growing investment platform. Our long term vision to become the trusted money partner of ~100M Indians with core products in investment & banking. Groww was founded in 2016 by alums from Flipkart, ICICI, IITB, IITD, BITs Pilani and is , backed by marquee investors like Tiger Global, Sequoia Capital, Ribbit Captial, and Y Combinator.

**Our Values**

* We take pride in our values and hold ourselves to a high standard on:
* Radical customer centricity
* Simplicity in our products and personalities
* Transparency on everything
* Long term thinking
* Ownership driven culture

**What you will do:**

* Build user facing journeys with a customer-focused attitude.
* Realize the need for a pleasing yet performant UI/UX Working with and for the other team members to raise the bar of the team.
* Drive product/feature development along with the team throughout the SDLC.
* Go out of your way to solve problems both in the codebase or within everyday team-wide processes.
* Take conscious decisions for the benefit of the team and eventually for the benefit of the organization.
* Create Technical Design Documentation from scratch for ensuring scalable, efficient and testable code.
* Participate in regular peer code reviews to ensure code sanity.
* Occasionally maintaining and upgrading existing codebase with the team.
* Work closely with the team inclusive of talented PMs, exceptional Backend Engineers and awesome UI-UX designers. Contribute to every step of SDLC starting from the vision, till the execution.
* Own what you do, and do what you own.
* Apart from the usuals (integrating APIs, building UIX, maintaining codebase), you will get to explore new libraries and technologies.
* Integrated complex third party libraries.

**Need to have:**

* Bachelor’s / Master's degree in Computer Science Engineering or allied branches, or equivalent experience.
* Have 3 - 5 years of hands-on experience building applications on the web platform with
  **ReactJS, Typescript, JavaScript, HTML and CSS**
  .
* Have worked on tools/libraries like
  **webpack, redux, redux-thunk, nodeJS, JIRA, and Jenkins.**
* Have experience in leading teams in the right direction.
* Have a knack for realizing problems and executing them.
* Have a good command on good ol’ Data Structures and Programming concepts.
* Have a strong understanding about product and design intricacies and an obsessive attention to detail.
* Have a get-things-done attitude and a customer-focused mindset.
* Write clean, efficient and scalable code and own it as it is, your brain child.
* Are purpose driven and have a zeal to solve complex problems.
* Are a team player and are always ready to offer a helping hand and also don’t shy away from asking for one when in need.
* Last but not the least, have a strong will to Groww.","Financial Services","https://in.linkedin.com/company/groww.in","https://media.licdn.com/dms/image/v2/D560BAQE52I3UW6wFMg/company-logo_100_100/company-logo_100_100/0/1691578957554/growwin_logo?e=2147483647&v=beta&t=bWFVcE_R4SZfoO5FK6QRoNH_jSsapuaTpN6A7uch9F0","","","","","","","","","","",""
"li-4375231293","linkedin","https://www.linkedin.com/jobs/view/4375231293","https://www.linkedin.com/jobs/view/4375231293","Software Engineer - Backend","PayPal","Bengaluru, Karnataka, India","2026-03-19","fulltime","","","","","",False,"not applicable","Engineering","Standard","paypalglobaltalentacquisition@paypal.com","**The Company**
PayPal has been revolutionizing commerce globally for more than 25 years. Creating innovative experiences that make moving money, selling, and shopping simple, personalized, and secure, PayPal empowers consumers and businesses in approximately 200 markets to join and thrive in the global economy.
  
  
We operate a global, two-sided network at scale that connects hundreds of millions of merchants and consumers. We help merchants and consumers connect, transact, and complete payments, whether they are online or in person. PayPal is more than a connection to third-party payment networks. We provide proprietary payment solutions accepted by merchants that enable the completion of payments on our platform on behalf of our customers.
  
  
We offer our customers the flexibility to use their accounts to purchase and receive payments for goods and services, as well as the ability to transfer and withdraw funds. We enable consumers to exchange funds more safely with merchants using a variety of funding sources, which may include a bank account, a PayPal or Venmo account balance, PayPal and Venmo branded credit products, a credit card, a debit card, certain cryptocurrencies, or other stored value products such as gift cards, and eligible credit card rewards. Our PayPal, Venmo, and Xoom products also make it safer and simpler for friends and family to transfer funds to each other. We offer merchants an end-to-end payments solution that provides authorization and settlement capabilities, as well as instant access to funds and payouts. We also help merchants connect with their customers, process exchanges and returns, and manage risk. We enable consumers to engage in cross-border shopping and merchants to extend their global reach while reducing the complexity and friction involved in enabling cross-border trade.
  
  
Our beliefs are the foundation for how we conduct business every day. We live each day guided by our core values of Inclusion, Innovation, Collaboration, and Wellness. Together, our values ensure that we work together as one global team with our customers at the center of everything we do – and they push us to ensure we take care of ourselves, each other, and our communities.
  
  
**Job Description Summary:**
What you need to know about the role- We're looking for a Backend Engineer—preferably with experience in Golang—who thrives in an agile environment and has a strong drive for growth and learning. Meet our team Big Data Platform Engineering team, which designs, builds, and maintains systems including: Gateway for public cloud, providing governance Enhancing the efficiency of our public cloud usage Helping on cloud migration/modernization
  
  
**Job Description:**
**Essential Responsibilities:**

* Implements tasks within the Software Development Lifecycle (SDLC), receiving structure and oversight from more experienced staff
* Follows well-established internal conventions and standard procedures
* Understands internal standards & processes an applies them to make technical decisions
* Collaborates with peers, manager, and project lead to gain understanding of tasks and review solutions
* May contribute to code & design reviews

**Minimum Qualifications:**

* 1+ years relevant experience and a Bachelor’s degree OR Any equivalent combination of education and experience.

**Additional Responsibilities And Preferred Qualifications**
**Your way to impact**
**At PayPal, Senior Software Engineers are the architects of our global payment platform.**
You'll design, develop, and optimize core systems that power millions of transactions daily, directly impacting our customers' experiences and our company's success.
  
  
**Your day to day**
As a Sr Software Engineer, you will:
  
  

* Develop, test, and maintain scalable backend features and services
* Own the end-to-end delivery of complex components
* Collaborate cross-functionally with product and other engineering teams to define and deliver solutions
* Identify technical gaps or improvement areas and propose pragmatic solutions
* Support system integrations and participate in key project workstreams
* Good at engineering best practices
* Troubleshoot and resolve production issues with a focus on reliability and performance
* Participate in code reviews and provide constructive feedback to peers

**What Do You Need To Bring-**

* 3+ years’ experience in backend development building scalable/enterprise systems
* Strong proficiency in one or more backend languages such as Golang(preferred), Java, Python, or similar
* Experience working across multiple technology stacks with a language-agnostic mindset
* Understanding of system design fundamentals, scalability, and performance optimization
* Experience participating in Agile development processes
* Strong communication skills and ability to collaborate across teams
* Demonstrate ownership mindset and commitment to delivering high-quality solutions
* Bachelor's degree in computer science or related field (or equivalent practical experience)

**Good to have:**

* Hands-on experience with Google Cloud Platform (GCP) services and infrastructure
* Exposure to big data technologies (e.g., Spark, BigQuery, Dataflow, etc.)
* We know the confidence gap and imposter syndrome can get in the way of meeting spectacular candidates. Please don't hesitate to apply.

PayPal does not charge candidates any fees for courses, applications, resume reviews, interviews, background checks, or onboarding. Any such request is a red flag and likely part of a scam. To learn more about how to identify and avoid recruitment fraud please visit https://careers.pypl.com/contact-us.
  
  
For the majority of employees, PayPal's balanced hybrid work model offers 3 days in the office for effective in-person collaboration and 2 days at your choice of either the PayPal office or your home workspace, ensuring that you equally have the benefits and conveniences of both locations.
  
  
**Our Benefits:**
At PayPal, we’re committed to building an equitable and inclusive global economy. And we can’t do this without our most important asset-you. That’s why we offer benefits to help you thrive in every stage of life. We champion your financial, physical, and mental health by offering valuable benefits and resources to help you care for the whole you.
  
  
We have great benefits including a flexible work environment, employee shares options, health and life insurance and more. To learn more about our benefits please visit https://www.paypalbenefits.com
  
  
**Who We Are:**
To learn more about our culture and community visit https://about.pypl.com/who-we-are/default.aspx
  
  
**Commitment to Diversity and Inclusion**
PayPal provides equal employment opportunity (EEO) to all persons regardless of age, color, national origin, citizenship status, physical or mental disability, race, religion, creed, gender, sex, pregnancy, sexual orientation, gender identity and/or expression, genetic information, marital status, status with regard to public assistance, veteran status, or any other characteristic protected by federal, state, or local law. In addition, PayPal will provide reasonable accommodations for qualified individuals with disabilities. If you are unable to submit an application because of incompatible assistive technology or a disability, please contact us at paypalglobaltalentacquisition@paypal.com.
  
  
**Belonging at PayPal:**
Our employees are central to advancing our mission, and we strive to create an environment where everyone can do their best work with a sense of purpose and belonging. Belonging at PayPal means creating a workplace with a sense of acceptance and security where all employees feel included and valued. We are proud to have a diverse workforce reflective of the merchants, consumers, and communities that we serve, and we continue to take tangible actions to cultivate inclusivity and belonging at PayPal.
  
  
Any general requests for consideration of your skills, please Join our Talent Community.
  
  
We know the confidence gap and imposter syndrome can get in the way of meeting spectacular candidates. Please don’t hesitate to apply.
  
  
REQ ID R0134722","Software Development, Financial Services, and Technology, Information and Internet","https://www.linkedin.com/company/paypal","https://media.licdn.com/dms/image/v2/D560BAQGlX0cKdGRk-w/company-logo_100_100/company-logo_100_100/0/1725506319701?e=2147483647&v=beta&t=EfHoqyaVYveWMzdT_6PpJbGNGS1P4dUk3ZryqIQRhjc","","","","","","","","","","",""
"li-4369494881","linkedin","https://www.linkedin.com/jobs/view/4369494881","https://www.linkedin.com/jobs/view/4369494881","Software Engineer","Cisco","Bengaluru, Karnataka, India","2026-03-19","fulltime","","","","","",False,"entry level","Engineering and Information Technology","Standard","","Please note this posting is to advertise potential job opportunities. This exact role may not be open today but could open in the near future. When you apply, a Cisco representative may contact you directly if a relevant position opens.
  
  
Meet the Team
  
  
Internet became a reality because of Cisco and its intelligent innovations in WAN engineering over multiple decades. We are reinventing WAN now and disrupting the market. If you love the challenge of building a highly scalable intelligent distributed system, then please join the party. We are abstracting WAN infrastructure and programmatically building a highly flexible controller-based software defined solution to provide intent based networking. Our solutions provide secure connectivity to user & device from anywhere in the world to their favorite application running in cloud, on premise or as SaaS. We give the opportunity to learn and innovate in a vast technology space of Routing, Security, Analytics, Telemetry, Distributed System, Machine learning and endless other areas. We strive to create an open and transparent culture where we embrace new ideas with open arms.
  
  
Hardware Routing Platform Software under Catalyst Engineering Routing team builds industry leading Headend SDWAN and Edge routing platforms (Catalyst 8500 and ASR1000) is part of a bigger team that is currently working on building next generation routing and services in controller-based network deployment at scale, enabling the customers to avail secure, reliable, and fast connectivity in a highly distributed SDWAN fabric spanning across the globe connecting thousands of devices and millions of users.
  
  
Join us and be part of the high energy team, help transform and build intelligent internet.
  
  
Your Impact
  
  
You will have the opportunity to work with leading-edge networking technologies in the areas of SDWAN and edge routing platforms and be part of the team responsible for defining, developing, and innovating new and evolving features and architectures in SDWAN and routing. You will work in collaboration with team who will define the next generation ASIC for routing products which would require new architecture for packet forwarding. You will participate in many creative projects, with the authority and scope to apply your expertise in a dynamic engineering environment. Our team values collaboration, learning, paramount focus on quality and customer impact. You will get a chance to work with various teams across varied technologies and will learn and be part of an ever growing, evolving technology. You will be responsible for crafting, coding and testing forwarding components with focus on end-to-end visibility and knowledge. You will have the opportunity to influence the network behavior by collaborating with other Engineers, Technical Leaders and Distinguished engineers across multiple cross-functional teams in Cisco.
  
  
This role is for you if you believe you are passionate about problem solving, can articulate problems in a way that people start seeing solutions in it as well. You are someone who challenges the status quo and a driver of change.
  
  
**Minimum Qualifications And Requirement**

* 1 to 3 years of Industry experience. Hands on experience on End-to-End Software development in a networking company in areas of Platforms, Hardware, bring up, system software, drivers (kernel and user space), bootloaders, BIOS and performance engineering/tuning
* Strong C programming in Linux and device drivers with skills and familiarity with large software development projects in an UNIX or IOS environment including experience with source code control systems, i.e. ability to search, navigate and handle extremely large code base.
* Experience with LAN/WAN communication interfaces, Ethernet layer 2, layer 3 technologies.
* Experience with hardware and software debuggers, GDB, Arium, BDI.
* Experience with scripting and automation and to be able to design, create and run scripts for longevity tests for platform, e.g Shell, Python, Perl, TCL, Expect.
* The successful candidate will participate on project teams defining and developing innovative new products based on Cisco technology.

**Key Functions Are Following**
Develop, enhance, verify and sustain embedded system software for complex internetworking products as a key member of a cross-functional team.
  
  
**Desirable Skills**

* Knowledge or demonstrated experience with high-speed interfaces, PHY, MAC, MACSEC experience will be a plus.
* Some of the key areas of expertise in addition to Networking domain is platform/System Areas such as kernel bring up, kernel driver development, platform bring up/ management software and Cloud Networking Technologies.
* Experience in debugging platform issue with i2c, i2c trace analyzers, PCIe.
* Knowledge of X86, ARM assembly code.
* Motivated self-starter with good communication and organizational skills, with demonstrated ability to develop and deliver superior products in a cross-functional team environment under aggressive schedules.
* Knowledge and experience of micro code and forwarding, datapath plus.
* Knowledge and experience of DPDK is plus.

Why Cisco?
  
  
At Cisco, we’re revolutionizing how data and infrastructure connect and protect organizations in the AI era – and beyond. We’ve been innovating fearlessly for 40 years to create solutions that power how humans and technology work together across the physical and digital worlds. These solutions provide customers with unparalleled security, visibility, and insights across the entire digital footprint.
  
  
Fueled by the depth and breadth of our technology, we experiment and create meaningful solutions. Add to that our worldwide network of doers and experts, and you’ll see that the opportunities to grow and build are limitless. We work as a team, collaborating with empathy to make really big things happen on a global scale. Because our solutions are everywhere, our impact is everywhere.
  
  
We are Cisco, and our power starts with you.","Software Development","https://www.linkedin.com/company/cisco","https://media.licdn.com/dms/image/v2/D560BAQFYnR_Zrm87Dg/company-logo_100_100/B56ZnMyVr4HUAQ-/0/1760077372453/cisco_logo?e=2147483647&v=beta&t=-FnJBwOSzJBs2mZI3Vt8hsrLNZhBuwEXpMas5hClACE","","","","","","","","","","",""
"li-4298181740","linkedin","https://www.linkedin.com/jobs/view/4298181740","https://www.linkedin.com/jobs/view/4298181740","Software Development Engineer","Amazon","Bengaluru, Karnataka, India","2026-03-19","fulltime","","","","","",False,"mid-senior level","Information Technology, Consulting, and Engineering","Standard","","**Description**
Amazon is looking for exceptional, motivated software engineers to work in the Kindle Reader organization. As a Software Engineer you will take an exciting and challenging role on a team that is innovating on the Reading experience on Kindle mobile devices and services for millions of Amazon customers. You will work with world-class engineers, business leaders, and other talented engineering teams while you design, architect, and code for Kindle Reader iOS, Android app and E-Reader software. You will join a team that is developing a platform on which many other Amazon partner teams innovate their reader experiences. As a software engineer, you will think big and drive architecture decisions Kindle Library, cross OS development, app UX experience and service integrations to deliver awesome reader experience. We are looking for a passionate, hard-working, and talented software engineer who has experience building mission critical, high volume applications that customers love.
  
  
By submitting your application here, you can apply once to be considered for multiple Software Engineer openings across various Amazon teams. If you are successful in passing through the initial application review and assessment, you will be asked to submit your career and personal preferences so that our dedicated recruiters can match you to the right role based on these preferences.
  
  
Our inclusive culture empowers Amazonians to deliver the best results for our customers. If you have a disability and need a workplace accommodation or adjustment during the application and hiring process, including support for the interview or onboarding process, please visit https://amazon.jobs/content/en/how-we-hire/accommodations for more information. If the country/region you’re applying in isn’t listed, please contact your Recruiting Partner
  
  
**About The Team**
As a engineer you will have opportunity to work with:
  
  

* The foundational tech stack for syncing and storing structured annotations (i.e. text sticky notes, highlights, bookmarks).
* Sync CX features such as MRPR (most recent page read CX) and FPR (furthest page read).
* The core sync architecture driving our vision to be a federated, scalable, “plug and play” sync service for any Kindle and Books feature requiring sync.

Notetaking Sync: The effective back-end for handwritten notetaking (via Kindle Scribe), this team supports handwritten note sync and storage, data integrity, privacy/security for notetaking, and architectural improvements.
  
  
**Basic Qualifications**

* 3+ years of non-internship professional software development experience
* 2+ years of non-internship design or architecture (design patterns, reliability and scaling) of new and existing systems experience
* Experience programming with at least one software programming language

**Preferred Qualifications**

* 3+ years of full software development life cycle, including coding standards, code reviews, source control management, build processes, testing, and operations experience
* Bachelor's degree in computer science or equivalent

Our inclusive culture empowers Amazonians to deliver the best results for our customers. If you have a disability and need a workplace accommodation or adjustment during the application and hiring process, including support for the interview or onboarding process, please visit https://amazon.jobs/content/en/how-we-hire/accommodations for more information. If the country/region you’re applying in isn’t listed, please contact your Recruiting Partner.
  
  
  
**Company**
- ADCI MAA 15 SEZ
  
  
Job ID: A3078186","Software Development","https://www.linkedin.com/company/amazon","https://media.licdn.com/dms/image/v2/D560BAQGDLy4STCnHbg/company-logo_100_100/B56ZnZxDipI0AQ-/0/1760295142304/amazon_logo?e=2147483647&v=beta&t=qIUP7OofXIuuuVACb5ToeWH9PHXrPYsS8jsTZ3Q0sUg","","","","","","","","","","",""
